instance,family,strategy,feasible,vehicle_count,total_distance,total_waiting,total_load,capacity_vehicle_lower_bound,vehicle_excess_over_capacity_lb,duplicate_customers,missing_customers,infeasible_routes,runtime_seconds,new_routes_created
C1_10_1,C1,earliest_due,True,108,47518.05523921198,4340.537749378597,17940.0,90,18,0,0,0,4.553454100037925,108
C1_10_1,C1,earliest_ready,True,107,47296.99063161093,3238.688536821339,17940.0,90,17,0,0,0,4.6948287999257445,107
C1_10_1,C1,largest_demand,True,160,91610.552605286,17709.106784368196,17940.0,90,70,0,0,0,4.966858599917032,160
C1_10_1,C1,farthest_from_depot,True,112,51202.66934609968,5125.451410200634,17940.0,90,22,0,0,0,4.07590109994635,112
C1_10_2,C1,earliest_due,True,98,58019.66987390134,4107.418537680095,17940.0,90,8,0,0,0,5.690691399970092,98
C1_10_2,C1,earliest_ready,True,127,76919.38089998801,9110.23092062018,17940.0,90,37,0,0,0,4.612176800030284,127
C1_10_2,C1,largest_demand,True,147,90171.8163746729,19604.763661587887,17940.0,90,57,0,0,0,4.564153100014664,147
C1_10_2,C1,farthest_from_depot,True,109,53720.54728319006,9892.290029054046,17940.0,90,19,0,0,0,3.931887499988079,109
C1_10_3,C1,earliest_due,True,97,72727.18084188645,3732.1521623844606,17940.0,90,7,0,0,0,4.650813600048423,97
C1_10_3,C1,earliest_ready,True,142,103606.69720930947,12371.336480382017,17940.0,90,52,0,0,0,4.335996099980548,142
C1_10_3,C1,largest_demand,True,128,83660.6777660138,14631.840169512037,17940.0,90,38,0,0,0,3.639374600024894,128
C1_10_3,C1,farthest_from_depot,True,103,56773.80242156081,10091.21246242106,17940.0,90,13,0,0,0,3.336192599963397,103
C1_10_4,C1,earliest_due,True,114,104648.14957239517,2625.128354961428,17940.0,90,24,0,0,0,3.9853600000496954,114
C1_10_4,C1,earliest_ready,True,143,121253.41173699286,9632.295295118158,17940.0,90,53,0,0,0,3.832406700006686,143
C1_10_4,C1,largest_demand,True,116,96950.1777028427,8125.8125180478955,17940.0,90,26,0,0,0,4.894850499927998,116
C1_10_4,C1,farthest_from_depot,True,104,77223.44250895896,5325.015061547548,17940.0,90,14,0,0,0,3.977309300098568,104
C1_10_5,C1,earliest_due,True,116,56742.49976104524,4937.665776600217,17940.0,90,26,0,0,0,4.835146900033578,116
C1_10_5,C1,earliest_ready,True,124,61519.11063896215,6174.279952055201,17940.0,90,34,0,0,0,5.211877700057812,124
C1_10_5,C1,largest_demand,True,156,94646.51832681296,11319.720194500564,17940.0,90,66,0,0,0,4.530184699920937,156
C1_10_5,C1,farthest_from_depot,True,118,57683.04043229528,3443.257031009582,17940.0,90,28,0,0,0,4.254292999976315,118
C1_10_6,C1,earliest_due,True,132,71683.86502937843,8094.980794981377,17940.0,90,42,0,0,0,5.431168799987063,132
C1_10_6,C1,earliest_ready,True,154,83571.09856143745,18176.082080305736,17940.0,90,64,0,0,0,5.573726200032979,154
C1_10_6,C1,largest_demand,True,156,95435.66276328295,10491.958739864807,17940.0,90,66,0,0,0,4.707531199906953,156
C1_10_6,C1,farthest_from_depot,True,125,62274.794955229954,6903.530337981035,17940.0,90,35,0,0,0,3.9122666999464855,125
C1_10_7,C1,earliest_due,True,107,52140.223354845046,756.7846426557728,17940.0,90,17,0,0,0,4.961901300004683,107
C1_10_7,C1,earliest_ready,True,107,52140.223354845046,756.7846426557728,17940.0,90,17,0,0,0,4.733330099959858,107
C1_10_7,C1,largest_demand,True,150,95475.98950901859,6736.1574077955875,17940.0,90,60,0,0,0,4.553218099987134,150
C1_10_7,C1,farthest_from_depot,True,127,66947.02296828043,3696.5752649817964,17940.0,90,37,0,0,0,3.8772275000810623,127
C1_10_8,C1,earliest_due,True,125,74016.15242665008,4653.720190672306,17940.0,90,35,0,0,0,5.21419959992636,125
C1_10_8,C1,earliest_ready,True,135,77744.49442967816,8641.932296333725,17940.0,90,45,0,0,0,5.057579699903727,135
C1_10_8,C1,largest_demand,True,149,97467.20717479089,5606.618911923676,17940.0,90,59,0,0,0,4.410811600042507,149
C1_10_8,C1,farthest_from_depot,True,127,68666.56258830137,3485.2088524120622,17940.0,90,37,0,0,0,3.8614773000590503,127
C1_10_9,C1,earliest_due,True,105,63131.86427197367,1370.6691019655286,17940.0,90,15,0,0,0,4.642258800100535,105
C1_10_9,C1,earliest_ready,True,105,63131.86427197367,1370.6691019655286,17940.0,90,15,0,0,0,4.580651500029489,105
C1_10_9,C1,largest_demand,True,141,99398.39218489976,2829.5216893002016,17940.0,90,51,0,0,0,4.138907799962908,141
C1_10_9,C1,farthest_from_depot,True,124,74914.11944221129,1289.0235775962217,17940.0,90,34,0,0,0,3.954707600059919,124
C1_10_10,C1,earliest_due,True,129,97703.11363269617,2365.555180715776,17940.0,90,39,0,0,0,5.002336799982004,129
C1_10_10,C1,earliest_ready,True,142,99941.33957570366,11263.152076249826,17940.0,90,52,0,0,0,5.134045399958268,142
C1_10_10,C1,largest_demand,True,145,108633.81967851141,2709.839011460448,17940.0,90,55,0,0,0,4.162009299965575,145
C1_10_10,C1,farthest_from_depot,True,138,95547.2607850848,1043.8435680536156,17940.0,90,48,0,0,0,4.21232290007174,138
C2_10_1,C2,earliest_due,True,35,21851.849987429803,6667.285995807238,19150.0,28,7,0,0,0,3.615015899995342,35
C2_10_1,C2,earliest_ready,True,35,21851.849987429803,6667.285995807238,19150.0,28,7,0,0,0,3.4600503999972716,35
C2_10_1,C2,largest_demand,True,56,70563.86140542473,24215.13013840335,19150.0,28,28,0,0,0,3.4590622999239713,56
C2_10_1,C2,farthest_from_depot,True,41,35092.657956850344,17321.061707061486,19150.0,28,13,0,0,0,3.1036554999882355,41
C2_10_2,C2,earliest_due,True,36,47636.68464484153,925.6647059473823,19150.0,28,8,0,0,0,3.4565068999072537,36
C2_10_2,C2,earliest_ready,True,39,42903.08208818151,7779.834530915714,19150.0,28,11,0,0,0,3.406655899947509,39
C2_10_2,C2,largest_demand,True,51,70681.96169111732,16935.59052964803,19150.0,28,23,0,0,0,3.188732099952176,51
C2_10_2,C2,farthest_from_depot,True,41,39570.6280040369,13751.549575928671,19150.0,28,13,0,0,0,3.186886800103821,41
C2_10_3,C2,earliest_due,True,38,55881.91985021768,1172.0424676286239,19150.0,28,10,0,0,0,3.597393100033514,38
C2_10_3,C2,earliest_ready,True,44,49642.85078827855,15320.632604151664,19150.0,28,16,0,0,0,3.139790599932894,44
C2_10_3,C2,largest_demand,True,47,67451.74784874427,10830.281508971979,19150.0,28,19,0,0,0,3.0713355999905616,47
C2_10_3,C2,farthest_from_depot,True,40,37821.239803316224,16951.245066558586,19150.0,28,12,0,0,0,3.3307445999234915,40
C2_10_4,C2,earliest_due,True,38,54186.497234200986,831.3374666562861,19150.0,28,10,0,0,0,3.283017799956724,38
C2_10_4,C2,earliest_ready,True,41,48862.79268807445,11509.84775762173,19150.0,28,13,0,0,0,2.92584290006198,41
C2_10_4,C2,largest_demand,True,42,64863.67692795651,4608.464062388532,19150.0,28,14,0,0,0,3.12175000004936,42
C2_10_4,C2,farthest_from_depot,True,34,33636.36551367251,7520.379182815095,19150.0,28,6,0,0,0,3.2420197000028566,34
C2_10_5,C2,earliest_due,True,34,23961.544749023695,7439.076315503604,19150.0,28,6,0,0,0,3.8319354000268504,34
C2_10_5,C2,earliest_ready,True,34,23961.544749023695,7439.076315503604,19150.0,28,6,0,0,0,3.788729300023988,34
C2_10_5,C2,largest_demand,True,53,65410.23249290932,19186.991021904443,19150.0,28,25,0,0,0,3.2588282000506297,53
C2_10_5,C2,farthest_from_depot,True,42,42307.09198951626,13138.905645221603,19150.0,28,14,0,0,0,3.2393036000430584,42
C2_10_6,C2,earliest_due,True,42,49176.83971623464,6673.888248117442,19150.0,28,14,0,0,0,3.768609899911098,42
C2_10_6,C2,earliest_ready,True,43,53838.38507553134,7859.819120898356,19150.0,28,15,0,0,0,3.705079600098543,43
C2_10_6,C2,largest_demand,True,51,77892.78171992929,6496.8173308362675,19150.0,28,23,0,0,0,3.2206833999371156,51
C2_10_6,C2,farthest_from_depot,True,42,46762.200623378005,6205.121671715548,19150.0,28,14,0,0,0,3.313333799946122,42
C2_10_7,C2,earliest_due,True,44,64269.329560401,7445.02004756795,19150.0,28,16,0,0,0,3.602549899951555,44
C2_10_7,C2,earliest_ready,True,53,63815.03627960426,24922.97267028378,19150.0,28,25,0,0,0,3.8486791999312118,53
C2_10_7,C2,largest_demand,True,54,74251.30358876714,11229.103374483913,19150.0,28,26,0,0,0,3.349678699974902,54
C2_10_7,C2,farthest_from_depot,True,42,45276.60633924956,12256.229564958026,19150.0,28,14,0,0,0,3.134286299929954,42
C2_10_8,C2,earliest_due,True,37,34950.20818293471,9785.13857021062,19150.0,28,9,0,0,0,3.6172086999285966,37
C2_10_8,C2,earliest_ready,True,37,34950.20818293471,9785.13857021062,19150.0,28,9,0,0,0,3.5562151999911293,37
C2_10_8,C2,largest_demand,True,54,74176.40651044165,10083.936470624363,19150.0,28,26,0,0,0,3.225470299948938,54
C2_10_8,C2,farthest_from_depot,True,47,53515.62668343107,11547.082041960994,19150.0,28,19,0,0,0,3.6117768000112846,47
C2_10_9,C2,earliest_due,True,43,65603.54659494363,10222.410773657573,19150.0,28,15,0,0,0,3.6945638000033796,43
C2_10_9,C2,earliest_ready,True,51,63463.14129767852,18797.163196384514,19150.0,28,23,0,0,0,3.6632205999922007,51
C2_10_9,C2,largest_demand,True,52,83588.87289947772,3972.1024005192176,19150.0,28,24,0,0,0,4.604316400014795,52
C2_10_9,C2,farthest_from_depot,True,43,49238.032633561976,6287.99508179267,19150.0,28,15,0,0,0,3.4910754000302404,43
C2_10_10,C2,earliest_due,True,37,38870.54142277526,14110.442612666255,19150.0,28,9,0,0,0,3.4514610999030992,37
C2_10_10,C2,earliest_ready,True,37,38870.54142277526,14110.442612666255,19150.0,28,9,0,0,0,4.061366899986751,37
C2_10_10,C2,largest_demand,True,51,76410.13029132558,3010.952125557178,19150.0,28,23,0,0,0,3.2509602999780327,51
C2_10_10,C2,farthest_from_depot,True,45,54588.704566647066,8188.99805973291,19150.0,28,17,0,0,0,4.243704000022262,45
R1_10_1,R1,earliest_due,True,107,84713.96410818874,66075.0785966891,18118.0,91,16,0,0,0,4.529490999993868,107
R1_10_1,R1,earliest_ready,True,107,84713.96410818874,66075.0785966891,18118.0,91,16,0,0,0,4.543509599985555,107
R1_10_1,R1,largest_demand,True,116,113366.29516019991,58838.42138487967,18118.0,91,25,0,0,0,3.8046134000178427,116
R1_10_1,R1,farthest_from_depot,True,125,78979.45071536418,84665.80431168276,18118.0,91,34,0,0,0,3.416833399911411,125
R1_10_2,R1,earliest_due,True,92,84425.83509451167,45408.94161709902,18118.0,91,1,0,0,0,4.152630200027488,92
R1_10_2,R1,earliest_ready,True,105,95434.16307224872,55488.397863227205,18118.0,91,14,0,0,0,4.072265800088644,105
R1_10_2,R1,largest_demand,True,111,111693.12563747444,53744.14318996113,18118.0,91,20,0,0,0,4.137722700019367,111
R1_10_2,R1,farthest_from_depot,True,119,76528.76134396136,78153.37031150734,18118.0,91,28,0,0,0,3.8621828999603167,119
R1_10_3,R1,earliest_due,True,92,95401.60356440977,28946.993558752372,18118.0,91,1,0,0,0,3.435362600022927,92
R1_10_3,R1,earliest_ready,True,98,99536.00326750314,38122.571618846094,18118.0,91,7,0,0,0,3.5567200999939814,98
R1_10_3,R1,largest_demand,True,104,107939.9050602849,44385.85979717261,18118.0,91,13,0,0,0,3.7987369000911713,104
R1_10_3,R1,farthest_from_depot,True,107,80155.57847988799,66537.63558027071,18118.0,91,16,0,0,0,3.201988499960862,107
R1_10_4,R1,earliest_due,True,92,101449.42760455326,14322.97015055221,18118.0,91,1,0,0,0,6.157232500030659,92
R1_10_4,R1,earliest_ready,True,99,108956.98605161578,20488.258430042944,18118.0,91,8,0,0,0,7.669986200053245,99
R1_10_4,R1,largest_demand,True,98,127296.42891784706,23947.47840238371,18118.0,91,7,0,0,0,6.950684299925342,98
R1_10_4,R1,farthest_from_depot,True,97,93459.98002691568,42015.03371077368,18118.0,91,6,0,0,0,5.602459599962458,97
R1_10_5,R1,earliest_due,True,108,84321.52766076034,59910.68851317417,18118.0,91,17,0,0,0,6.168974699918181,108
R1_10_5,R1,earliest_ready,True,108,84321.52766076034,59910.68851317417,18118.0,91,17,0,0,0,9.954771499964409,108
R1_10_5,R1,largest_demand,True,111,115206.71317357064,52001.977030831375,18118.0,91,20,0,0,0,6.190267300000414,111
R1_10_5,R1,farthest_from_depot,True,98,78553.8686105532,69706.4096397545,18118.0,91,7,0,0,0,5.428008900023997,98
R1_10_6,R1,earliest_due,True,92,80978.25417051201,40944.076077107726,18118.0,91,1,0,0,0,5.178848100011237,92
R1_10_6,R1,earliest_ready,True,109,96351.5704582974,53892.219715691375,18118.0,91,18,0,0,0,4.897590900072828,109
R1_10_6,R1,largest_demand,True,105,110393.7523497578,48058.75858783976,18118.0,91,14,0,0,0,4.747619800036773,105
R1_10_6,R1,farthest_from_depot,True,97,80258.27535029798,63735.90818233623,18118.0,91,6,0,0,0,4.288525499985553,97
R1_10_7,R1,earliest_due,True,92,90344.26051025598,27396.178498663165,18118.0,91,1,0,0,0,5.122352099977434,92
R1_10_7,R1,earliest_ready,True,103,101255.0300842986,37608.536047648624,18118.0,91,12,0,0,0,5.117707199999131,103
R1_10_7,R1,largest_demand,True,101,109943.13673173144,38689.36365235502,18118.0,91,10,0,0,0,4.947890599956736,101
R1_10_7,R1,farthest_from_depot,True,95,82560.83051387544,55074.42825942123,18118.0,91,4,0,0,0,4.9030166999436915,95
R1_10_8,R1,earliest_due,True,92,102945.79939289224,11660.903793874444,18118.0,91,1,0,0,0,5.856114199967124,92
R1_10_8,R1,earliest_ready,True,96,107476.37399930459,14953.454231444777,18118.0,91,5,0,0,0,4.595215999986976,96
R1_10_8,R1,largest_demand,True,97,126373.47319525665,25180.22640464711,18118.0,91,6,0,0,0,4.317316000000574,97
R1_10_8,R1,farthest_from_depot,True,94,97712.99737766807,36753.46606088564,18118.0,91,3,0,0,0,4.839202299946919,94
R1_10_9,R1,earliest_due,True,103,80694.62086748963,50857.60919800681,18118.0,91,12,0,0,0,6.073637599940412,103
R1_10_9,R1,earliest_ready,True,109,86076.32493919811,59730.80477062671,18118.0,91,18,0,0,0,6.012099500047043,109
R1_10_9,R1,largest_demand,True,106,117619.72657126638,42184.196080710426,18118.0,91,15,0,0,0,5.3560414999956265,106
R1_10_9,R1,farthest_from_depot,True,96,84207.39504030974,61755.24428316919,18118.0,91,5,0,0,0,4.15086319996044,96
R1_10_10,R1,earliest_due,True,99,83923.50744608192,42902.473087852006,18118.0,91,8,0,0,0,4.699459800031036,99
R1_10_10,R1,earliest_ready,True,99,83726.0389693345,42547.139214821516,18118.0,91,8,0,0,0,4.7958427000558,99
R1_10_10,R1,largest_demand,True,102,120204.64504775945,30548.306889123825,18118.0,91,11,0,0,0,4.382048900006339,102
R1_10_10,R1,farthest_from_depot,True,94,94264.83464508915,45408.591531098544,18118.0,91,3,0,0,0,4.146699799923226,94
R2_10_1,R2,earliest_due,True,20,74918.61261998814,42198.46767493134,18118.0,19,1,0,0,0,4.390518500003964,20
R2_10_1,R2,earliest_ready,True,22,75115.75202844283,51846.4781333919,18118.0,19,3,0,0,0,4.341464199940674,22
R2_10_1,R2,largest_demand,True,28,95083.64498064142,74171.08213347253,18118.0,19,9,0,0,0,3.5721458999905735,28
R2_10_1,R2,farthest_from_depot,True,22,69225.31751927636,67287.1937957502,18118.0,19,3,0,0,0,3.6118689000140876,22
R2_10_2,R2,earliest_due,True,19,62327.56990962845,39617.13719435898,18118.0,19,0,0,0,0,3.7838536000344902,19
R2_10_2,R2,earliest_ready,True,23,68294.7830169726,55116.70392829919,18118.0,19,4,0,0,0,3.362690400099382,23
R2_10_2,R2,largest_demand,True,27,83461.38408250455,77907.65910684175,18118.0,19,8,0,0,0,3.2921019999776036,27
R2_10_2,R2,farthest_from_depot,True,20,56182.53427185269,65215.76605779486,18118.0,19,1,0,0,0,3.671000299975276,20
R2_10_3,R2,earliest_due,True,19,57332.89513336134,21910.667118427038,18118.0,19,0,0,0,0,3.1491389999864623,19
R2_10_3,R2,earliest_ready,True,21,58160.93856863101,30969.542202277902,18118.0,19,2,0,0,0,3.0019985999679193,21
R2_10_3,R2,largest_demand,True,25,73850.87471947928,70167.01574200098,18118.0,19,6,0,0,0,3.2255651000887156,25
R2_10_3,R2,farthest_from_depot,True,19,49421.877954931064,61308.547569896095,18118.0,19,0,0,0,0,3.13411119999364,19
R2_10_4,R2,earliest_due,True,19,43964.11811196259,16932.62430697418,18118.0,19,0,0,0,0,2.8161403000121936,19
R2_10_4,R2,earliest_ready,True,23,49132.40422972659,41933.13222579818,18118.0,19,4,0,0,0,2.8874504000414163,23
R2_10_4,R2,largest_demand,True,23,65998.24426817475,61663.97403732084,18118.0,19,4,0,0,0,3.1547884000465274,23
R2_10_4,R2,farthest_from_depot,True,21,41635.38043367692,77596.67971873636,18118.0,19,2,0,0,0,2.805920600076206,21
R2_10_5,R2,earliest_due,True,22,74697.00881440332,47982.94996845798,18118.0,19,3,0,0,0,3.7508935999358073,22
R2_10_5,R2,earliest_ready,True,22,74697.00881440332,47982.94996845798,18118.0,19,3,0,0,0,3.7131844999967143,22
R2_10_5,R2,largest_demand,True,27,103863.81954288772,55995.29560979352,18118.0,19,8,0,0,0,3.3557016000850126,27
R2_10_5,R2,farthest_from_depot,True,19,68226.7160860328,46428.59242349355,18118.0,19,0,0,0,0,3.3057550999801606,19
R2_10_6,R2,earliest_due,True,19,65649.59376473357,31180.627743845213,18118.0,19,0,0,0,0,3.6335262999637052,19
R2_10_6,R2,earliest_ready,True,23,68565.67520435948,49569.061657976315,18118.0,19,4,0,0,0,3.291097900015302,23
R2_10_6,R2,largest_demand,True,24,93688.87539619938,50082.27741307034,18118.0,19,5,0,0,0,3.3645131000084803,24
R2_10_6,R2,farthest_from_depot,True,20,63263.32289809334,56824.8816923301,18118.0,19,1,0,0,0,3.237979199970141,20
R2_10_7,R2,earliest_due,True,19,59785.126030748375,21501.55987399831,18118.0,19,0,0,0,0,3.103456199984066,19
R2_10_7,R2,earliest_ready,True,23,61152.42468965628,39028.89909832424,18118.0,19,4,0,0,0,2.927662399946712,23
R2_10_7,R2,largest_demand,True,24,80566.4300710784,58897.069699062995,18118.0,19,5,0,0,0,3.1738284999737516,24
R2_10_7,R2,farthest_from_depot,True,19,51962.54070211852,57915.37062169686,18118.0,19,0,0,0,0,2.9769673999398947,19
R2_10_8,R2,earliest_due,True,19,44764.22549534137,12841.878081087812,18118.0,19,0,0,0,0,2.7547576000215486,19
R2_10_8,R2,earliest_ready,True,21,49066.71003637029,25166.1483182094,18118.0,19,2,0,0,0,2.933399199973792,21
R2_10_8,R2,largest_demand,True,22,77732.72615545735,47124.53413236303,18118.0,19,3,0,0,0,2.844165400019847,22
R2_10_8,R2,farthest_from_depot,True,20,46980.3810210681,62319.35153053512,18118.0,19,1,0,0,0,2.786682500038296,20
R2_10_9,R2,earliest_due,True,24,68881.72779331851,64911.094968516365,18118.0,19,5,0,0,0,3.670853199902922,24
R2_10_9,R2,earliest_ready,True,25,66868.94413745982,72129.00183172603,18118.0,19,6,0,0,0,3.6642938000150025,25
R2_10_9,R2,largest_demand,True,26,100699.5598961304,53413.20768815497,18118.0,19,7,0,0,0,3.134075800073333,26
R2_10_9,R2,farthest_from_depot,True,19,64959.90033775528,49091.31583967688,18118.0,19,0,0,0,0,3.1164783999556676,19
R2_10_10,R2,earliest_due,True,24,69192.73455791015,56765.53729059112,18118.0,19,5,0,0,0,3.369027499924414,24
R2_10_10,R2,earliest_ready,True,25,72453.18871294755,60709.656826299884,18118.0,19,6,0,0,0,3.369352600071579,25
R2_10_10,R2,largest_demand,True,24,108895.2046948708,32390.40009646247,18118.0,19,5,0,0,0,4.036841999972239,24
R2_10_10,R2,farthest_from_depot,True,19,66409.75066984988,46215.12360845224,18118.0,19,0,0,0,0,3.108404500060715,19
RC1_10_1,RC1,earliest_due,True,95,65897.93195655182,50144.064148344114,17822.0,90,5,0,0,0,5.414128400036134,95
RC1_10_1,RC1,earliest_ready,True,95,65897.93195655182,50144.064148344114,17822.0,90,5,0,0,0,5.781355699989945,95
RC1_10_1,RC1,largest_demand,True,131,80799.167329552,75738.80485915238,17822.0,90,41,0,0,0,5.141139100072905,131
RC1_10_1,RC1,farthest_from_depot,True,102,56997.116158895835,72585.91689930175,17822.0,90,12,0,0,0,4.222657400066964,102
RC1_10_2,RC1,earliest_due,True,91,75846.89078668007,44920.363453306985,17822.0,90,1,0,0,0,4.839645699947141,91
RC1_10_2,RC1,earliest_ready,True,101,76893.99010842024,43707.26250730865,17822.0,90,11,0,0,0,4.713493599905632,101
RC1_10_2,RC1,largest_demand,True,122,82112.53640660984,65953.06623907152,17822.0,90,32,0,0,0,4.74022029992193,122
RC1_10_2,RC1,farthest_from_depot,True,100,55731.2084041377,67134.73861752679,17822.0,90,10,0,0,0,4.483011799980886,100
RC1_10_3,RC1,earliest_due,True,91,80428.83867934409,31838.666846403266,17822.0,90,1,0,0,0,4.695384500082582,91
RC1_10_3,RC1,earliest_ready,True,106,87837.92095834583,35209.851090196134,17822.0,90,16,0,0,0,4.123705600039102,106
RC1_10_3,RC1,largest_demand,True,112,84702.3319838994,41057.5038341808,17822.0,90,22,0,0,0,4.6019950999179855,112
RC1_10_3,RC1,farthest_from_depot,True,96,58155.736249216476,57359.68978187933,17822.0,90,6,0,0,0,4.266157200094312,96
RC1_10_4,RC1,earliest_due,True,91,88138.05460979813,19574.586023413787,17822.0,90,1,0,0,0,4.009791699936613,91
RC1_10_4,RC1,earliest_ready,True,109,98147.61336529085,26835.451596444393,17822.0,90,19,0,0,0,4.112863100017421,109
RC1_10_4,RC1,largest_demand,True,99,98371.41725434837,23766.126754203226,17822.0,90,9,0,0,0,4.552921900060028,99
RC1_10_4,RC1,farthest_from_depot,True,92,88172.75488891064,28423.73336259431,17822.0,90,2,0,0,0,4.153050799970515,92
RC1_10_5,RC1,earliest_due,True,98,64014.692793624694,49995.21729843679,17822.0,90,8,0,0,0,5.534334299969487,98
RC1_10_5,RC1,earliest_ready,True,111,65739.36527883062,62610.28777229331,17822.0,90,21,0,0,0,5.797919099917635,111
RC1_10_5,RC1,largest_demand,True,126,82496.62855529612,68410.88552909603,17822.0,90,36,0,0,0,5.013065499952063,126
RC1_10_5,RC1,farthest_from_depot,True,99,57590.43824294242,71138.83611585665,17822.0,90,9,0,0,0,4.352461000089534,99
RC1_10_6,RC1,earliest_due,True,96,66800.87551999696,49584.990455806794,17822.0,90,6,0,0,0,5.380488700000569,96
RC1_10_6,RC1,earliest_ready,True,96,66800.87551999696,49584.990455806794,17822.0,90,6,0,0,0,5.218749699997716,96
RC1_10_6,RC1,largest_demand,True,124,81017.01124532436,68372.06989869065,17822.0,90,34,0,0,0,4.900097799953073,124
RC1_10_6,RC1,farthest_from_depot,True,98,57845.9967095586,67186.63531388999,17822.0,90,8,0,0,0,4.245519599993713,98
RC1_10_7,RC1,earliest_due,True,93,67572.7277453219,46730.64916367235,17822.0,90,3,0,0,0,5.317998199956492,93
RC1_10_7,RC1,earliest_ready,True,103,66043.51812966092,54054.8424297098,17822.0,90,13,0,0,0,5.568399499985389,103
RC1_10_7,RC1,largest_demand,True,119,81376.3710600782,63631.994300645594,17822.0,90,29,0,0,0,4.860058299964294,119
RC1_10_7,RC1,farthest_from_depot,True,95,60794.843788681064,60367.15934358196,17822.0,90,5,0,0,0,4.133390199975111,95
RC1_10_8,RC1,earliest_due,True,98,72381.65750090613,43950.45238739256,17822.0,90,8,0,0,0,4.954536300036125,98
RC1_10_8,RC1,earliest_ready,True,96,69466.6521560359,40616.23059983959,17822.0,90,6,0,0,0,5.091909399954602,96
RC1_10_8,RC1,largest_demand,True,113,86054.7639536952,52360.17081624126,17822.0,90,23,0,0,0,4.689143600058742,113
RC1_10_8,RC1,farthest_from_depot,True,93,60640.048481987935,55089.13718867913,17822.0,90,3,0,0,0,3.9371037000091746,93
RC1_10_9,RC1,earliest_due,True,96,70518.68244532697,38960.23384612888,17822.0,90,6,0,0,0,5.126212799921632,96
RC1_10_9,RC1,earliest_ready,True,96,70518.68244532697,38960.23384612888,17822.0,90,6,0,0,0,4.786654899944551,96
RC1_10_9,RC1,largest_demand,True,113,88166.79384614393,49156.78705118574,17822.0,90,23,0,0,0,4.653671799926087,113
RC1_10_9,RC1,farthest_from_depot,True,93,61642.72276358449,57153.09722463724,17822.0,90,3,0,0,0,3.903997699962929,93
RC1_10_10,RC1,earliest_due,True,97,70411.42198836587,37010.63989763911,17822.0,90,7,0,0,0,4.871452399995178,97
RC1_10_10,RC1,earliest_ready,True,97,70411.42198836587,37010.63989763911,17822.0,90,7,0,0,0,4.617378700058907,97
RC1_10_10,RC1,largest_demand,True,109,88621.17539627873,41480.93464162062,17822.0,90,19,0,0,0,4.6808107000542805,109
RC1_10_10,RC1,farthest_from_depot,True,93,63812.50090200373,52098.79101129472,17822.0,90,3,0,0,0,3.9147723000496626,93
RC2_10_1,RC2,earliest_due,True,28,50566.398909330586,94709.99922676188,17822.0,18,10,0,0,0,4.319418900064193,28
RC2_10_1,RC2,earliest_ready,True,28,50566.398909330586,94709.99922676188,17822.0,18,10,0,0,0,4.500800100038759,28
RC2_10_1,RC2,largest_demand,True,39,56157.858776371846,147490.0782260222,17822.0,18,21,0,0,0,4.1847404999425635,39
RC2_10_1,RC2,farthest_from_depot,True,29,41272.95762142923,129358.73060556008,17822.0,18,11,0,0,0,4.194321200018749,29
RC2_10_2,RC2,earliest_due,True,25,42197.690218298776,89929.34253154065,17822.0,18,7,0,0,0,4.801026799948886,25
RC2_10_2,RC2,earliest_ready,True,33,51902.20527277712,104780.7397160126,17822.0,18,15,0,0,0,4.130962199997157,33
RC2_10_2,RC2,largest_demand,True,35,51223.112973533076,133977.0314194778,17822.0,18,17,0,0,0,4.082902300055139,35
RC2_10_2,RC2,farthest_from_depot,True,27,36079.84621405461,118393.0026221502,17822.0,18,9,0,0,0,4.0969757999992,27
RC2_10_3,RC2,earliest_due,True,21,32324.661304410845,64151.84019393825,17822.0,18,3,0,0,0,4.389636900043115,21
RC2_10_3,RC2,earliest_ready,True,28,43763.233861501496,71237.83083927244,17822.0,18,10,0,0,0,3.6415139000164345,28
RC2_10_3,RC2,largest_demand,True,33,49871.96579273581,120868.47844588596,17822.0,18,15,0,0,0,4.290604499983601,33
RC2_10_3,RC2,farthest_from_depot,True,25,29527.78885677297,101458.12431492608,17822.0,18,7,0,0,0,4.711288299993612,25
RC2_10_4,RC2,earliest_due,True,18,26203.934090867915,52482.718693984476,17822.0,18,0,0,0,0,4.52008280006703,18
RC2_10_4,RC2,earliest_ready,True,29,39611.28165873303,67823.59278820365,17822.0,18,11,0,0,0,3.513247500057332,29
RC2_10_4,RC2,largest_demand,True,28,43876.8974405706,82040.86797408524,17822.0,18,10,0,0,0,4.04136760008987,28
RC2_10_4,RC2,farthest_from_depot,True,21,23599.602677054143,81834.42957017978,17822.0,18,3,0,0,0,4.684392299968749,21
RC2_10_5,RC2,earliest_due,True,25,48459.71816142845,82028.3657511736,17822.0,18,7,0,0,0,4.954729899996892,25
RC2_10_5,RC2,earliest_ready,True,34,51599.092377692046,131843.0778781902,17822.0,18,16,0,0,0,5.191418300033547,34
RC2_10_5,RC2,largest_demand,True,33,51227.65913870545,126765.02554258327,17822.0,18,15,0,0,0,4.389340399997309,33
RC2_10_5,RC2,farthest_from_depot,True,25,38090.26450338123,107180.92139029775,17822.0,18,7,0,0,0,4.552582000032999,25
RC2_10_6,RC2,earliest_due,True,28,51536.607966136755,96649.19082852361,17822.0,18,10,0,0,0,4.947527299984358,28
RC2_10_6,RC2,earliest_ready,True,28,51536.607966136755,96649.19082852361,17822.0,18,10,0,0,0,4.964490299928002,28
RC2_10_6,RC2,largest_demand,True,33,52508.244123493976,121605.71179287563,17822.0,18,15,0,0,0,4.421438099932857,33
RC2_10_6,RC2,farthest_from_depot,True,22,40954.784949381756,87482.38651320763,17822.0,18,4,0,0,0,4.185737599967979,22
RC2_10_7,RC2,earliest_due,True,25,51697.83556867499,81497.56181538389,17822.0,18,7,0,0,0,4.982301500043832,25
RC2_10_7,RC2,earliest_ready,True,33,52373.3869374134,108346.61184634427,17822.0,18,15,0,0,0,5.413079999969341,33
RC2_10_7,RC2,largest_demand,True,32,55520.210729845465,108514.46535845422,17822.0,18,14,0,0,0,4.3029793000314385,32
RC2_10_7,RC2,farthest_from_depot,True,22,38569.14355664288,87693.70611548446,17822.0,18,4,0,0,0,4.233136199996807,22
RC2_10_8,RC2,earliest_due,True,23,49080.05099495148,67703.41917714011,17822.0,18,5,0,0,0,4.765936899930239,23
RC2_10_8,RC2,earliest_ready,True,33,53135.25247453418,117761.92546989748,17822.0,18,15,0,0,0,5.229783599963412,33
RC2_10_8,RC2,largest_demand,True,32,57853.19151406297,109115.48921748668,17822.0,18,14,0,0,0,4.43407690001186,32
RC2_10_8,RC2,farthest_from_depot,True,21,39346.77778568732,80999.86970239923,17822.0,18,3,0,0,0,3.9846736999461427,21
RC2_10_9,RC2,earliest_due,True,24,51108.07602107686,75785.11783179994,17822.0,18,6,0,0,0,4.777839099988341,24
RC2_10_9,RC2,earliest_ready,True,24,51108.07602107686,75785.11783179994,17822.0,18,6,0,0,0,4.772250999929383,24
RC2_10_9,RC2,largest_demand,True,33,61278.09109954605,111345.84362222844,17822.0,18,15,0,0,0,4.40502489998471,33
RC2_10_9,RC2,farthest_from_depot,True,20,41554.4442466359,73593.6642959938,17822.0,18,2,0,0,0,4.07440130005125,20
RC2_10_10,RC2,earliest_due,True,23,51485.157105966246,59335.85650057835,17822.0,18,5,0,0,0,4.646934999967925,23
RC2_10_10,RC2,earliest_ready,True,23,51485.157105966246,59335.85650057835,17822.0,18,5,0,0,0,4.724287700024433,23
RC2_10_10,RC2,largest_demand,True,29,60905.84068997022,82731.55575247468,17822.0,18,11,0,0,0,4.256873199949041,29
RC2_10_10,RC2,farthest_from_depot,True,19,39018.023882621485,67364.73599657793,17822.0,18,1,0,0,0,3.9261736000189558,19
