instance,family,distribution,source_file,sha256,locations,customers,vehicle_limit,capacity,total_demand,capacity_vehicle_lower_bound,mean_demand,std_demand,min_demand,max_demand,mean_window_width,std_window_width,min_window_width,max_window_width,mean_service_time,depot_ready_time,depot_due_date,depot_x,depot_y,mean_depot_distance,max_depot_distance,mean_nearest_neighbor_distance,mean_preliminary_difficulty,individually_infeasible_customers,matrix_rows,matrix_columns,matrix_diagonal_max_abs,matrix_symmetry_max_abs,triangle_samples,triangle_max_violation,errors,warnings,valid
C1_10_1,C1,Clustered / type 1,C1_10_1.TXT,71212f0276856362239cd696673d2bc31f83c8561dc784260b495718ac852aff,1001,1000,250,200,17940.0,90,17.94,7.959673360132311,10.0,40.0,59.646,10.113193560888668,26.0,96.0,90.0,0.0,1824.0,250.0,250.0,201.39422337210365,345.79329085452196,2.5471499564386164,0.39715167809921936,0,1001,1001,0.0,0.0,3000,0.0,0,0,True
C1_10_2,C1,Clustered / type 1,C1_10_2.TXT,71ac290b422f55870e793580b57aaa0a8e54b75d3026d21307eec6703c64a62e,1001,1000,250,200,17940.0,90,17.94,7.959673360132311,10.0,40.0,427.815,638.7360352876609,30.0,1728.0,90.0,0.0,1824.0,250.0,250.0,201.39422337210365,345.79329085452196,2.5471499564386164,0.4792759082859914,0,1001,1001,0.0,0.0,3000,0.0,0,0,True
C1_10_3,C1,Clustered / type 1,C1_10_3.TXT,a33a3c38f1e8b82d2c4375a4c974a57c2b65ea9e8c7b0b6b3d10065e82e8f203,1001,1000,250,200,17940.0,90,17.94,7.959673360132311,10.0,40.0,797.886,740.0200247317636,30.0,1732.0,90.0,0.0,1824.0,250.0,250.0,201.39422337210365,345.79329085452196,2.5471499564386164,0.4069817715467019,0,1001,1001,0.0,0.0,3000,0.0,0,0,True
C1_10_4,C1,Clustered / type 1,C1_10_4.TXT,d7f0ad9b4846af35cc54b481491206628faddff1e2e9c22c90d1090ac25f5054,1001,1000,250,200,17940.0,90,17.94,7.959673360132311,10.0,40.0,1164.585,641.2907505765228,30.0,1732.0,90.0,0.0,1824.0,250.0,250.0,201.39422337210365,345.79329085452196,2.5471499564386164,0.33516449775116725,0,1001,1001,0.0,0.0,3000,0.0,0,0,True
C1_10_5,C1,Clustered / type 1,C1_10_5.TXT,4b31d21bd3e7fe215f7975029cedde6c01f0aa2e7655488a7ac77639004a7a2c,1001,1000,250,200,17940.0,90,17.94,7.959673360132311,10.0,40.0,120.645,20.398112044990828,58.0,185.0,90.0,0.0,1824.0,250.0,250.0,201.39422337210365,345.79329085452196,2.5471499564386164,0.3929481535397883,0,1001,1001,0.0,0.0,3000,0.0,0,0,True
C1_10_6,C1,Clustered / type 1,C1_10_6.TXT,73e4ee1c54dbc552bb5fa90c8cb442962c123aed7a5d2c7d45dfbb9384453499,1001,1000,250,200,17940.0,90,17.94,7.959673360132311,10.0,40.0,159.055,82.386467183634,6.0,435.0,90.0,0.0,1824.0,250.0,250.0,201.39422337210365,345.79329085452196,2.5471499564386164,0.43844687179441105,0,1001,1001,0.0,0.0,3000,0.0,0,0,True
C1_10_7,C1,Clustered / type 1,C1_10_7.TXT,f2562ff7f937aec48dd9d40add88b9af10f3eb37a55939eef611389154c665a0,1001,1000,250,200,17940.0,90,17.94,7.959673360132311,10.0,40.0,180.0,0.0,180.0,180.0,90.0,0.0,1824.0,250.0,250.0,201.39422337210365,345.79329085452196,2.5471499564386164,0.5573707257182646,0,1001,1001,0.0,0.0,3000,0.0,0,0,True
C1_10_8,C1,Clustered / type 1,C1_10_8.TXT,604ef7c2bb9bc8312634500dafb93ba5f2beb0e31695670a0b7cf954e6afb9a7,1001,1000,250,200,17940.0,90,17.94,7.959673360132311,10.0,40.0,239.803,41.05065396555821,88.0,369.0,90.0,0.0,1824.0,250.0,250.0,201.39422337210365,345.79329085452196,2.5471499564386164,0.3772959926221799,0,1001,1001,0.0,0.0,3000,0.0,0,0,True
C1_10_9,C1,Clustered / type 1,C1_10_9.TXT,614e7b5f6f9d323ccf055682762f7e6272f026a155f2ceaec67b3a77ba056f49,1001,1000,250,200,17940.0,90,17.94,7.959673360132311,10.0,40.0,360.0,0.0,360.0,360.0,90.0,0.0,1824.0,250.0,250.0,201.39422337210365,345.79329085452196,2.5471499564386164,0.5573707257182646,0,1001,1001,0.0,0.0,3000,0.0,0,0,True
C1_10_10,C1,Clustered / type 1,C1_10_10.TXT,40a3ddb6b25a698df709ffe159aeb3d33d5799d589f49c1a8e4572476cbc53ea,1001,1000,250,200,17940.0,90,17.94,7.959673360132311,10.0,40.0,476.073,89.11365591759773,208.0,763.0,90.0,0.0,1824.0,250.0,250.0,201.39422337210365,345.79329085452196,2.5471499564386164,0.3963659209134602,0,1001,1001,0.0,0.0,3000,0.0,0,0,True
C2_10_1,C2,Clustered / type 2,C2_10_1.TXT,a714abab4d36bcbfd4c31c50986818a0fa44f4c6332b265ecd4599152f930634,1001,1000,250,700,19150.0,28,19.15,8.37720120326592,10.0,50.0,160.0,0.0,160.0,160.0,90.0,0.0,3914.0,250.0,250.0,170.20780521831048,311.62316987027776,4.63993252667385,0.5245182237983669,0,1001,1001,0.0,0.0,3000,0.0,0,0,True
C2_10_2,C2,Clustered / type 2,C2_10_2.TXT,b0e53e1c0a42000a7a4f5d5a7387d78f8f33849546ccb33b2f0591e3c802cff7,1001,1000,250,700,19150.0,28,19.15,8.37720120326592,10.0,50.0,1033.278,1512.913461079648,160.0,3803.0,90.0,0.0,3914.0,250.0,250.0,170.20780521831048,311.62316987027776,4.63993252667385,0.44461356646466754,0,1001,1001,0.0,0.0,3000,0.0,0,0,True
C2_10_3,C2,Clustered / type 2,C2_10_3.TXT,d717bffdb274fd6b4eb591355a90b08a696f39c6744254318556355bae185ea7,1001,1000,250,700,19150.0,28,19.15,8.37720120326592,10.0,50.0,1906.524,1747.124976475352,160.0,3818.0,90.0,0.0,3914.0,250.0,250.0,170.20780521831048,311.62316987027776,4.63993252667385,0.36536713941710214,0,1001,1001,0.0,0.0,3000,0.0,0,0,True
C2_10_4,C2,Clustered / type 2,C2_10_4.TXT,b289613e88954f9f1777a8f6397a2e7dab7b5a2f47411f1d49be15485d3b5eb6,1001,1000,250,700,19150.0,28,19.15,8.37720120326592,10.0,50.0,2781.139,1514.380010987665,160.0,3818.0,90.0,0.0,3914.0,250.0,250.0,170.20780521831048,311.62316987027776,4.63993252667385,0.2856683058103953,0,1001,1001,0.0,0.0,3000,0.0,0,0,True
C2_10_5,C2,Clustered / type 2,C2_10_5.TXT,e3336a927836a98e1a2e998f81cdccf18c14151e7b8a75ba9708ea7e63d264f8,1001,1000,250,700,19150.0,28,19.15,8.37720120326592,10.0,50.0,320.0,0.0,320.0,320.0,90.0,0.0,3914.0,250.0,250.0,170.20780521831048,311.62316987027776,4.63993252667385,0.5245182237983669,0,1001,1001,0.0,0.0,3000,0.0,0,0,True
C2_10_6,C2,Clustered / type 2,C2_10_6.TXT,79bfec050a26f5014fdee6f921461398799245df8db37f9c3863bf8149075880,1001,1000,250,700,19150.0,28,19.15,8.37720120326592,10.0,50.0,501.162,90.20047536460105,166.0,799.0,90.0,0.0,3914.0,250.0,250.0,170.20780521831048,311.62316987027776,4.63993252667385,0.34802427961721916,0,1001,1001,0.0,0.0,3000,0.0,0,0,True
C2_10_7,C2,Clustered / type 2,C2_10_7.TXT,7487494adb697470f98cc971003cf13a94f45afcacd685c1950096aa32c898fc,1001,1000,250,700,19150.0,28,19.15,8.37720120326592,10.0,50.0,630.99,290.5233654975104,23.0,1590.0,90.0,0.0,3914.0,250.0,250.0,170.20780521831048,311.62316987027776,4.63993252667385,0.39518616678922,0,1001,1001,0.0,0.0,3000,0.0,0,0,True
C2_10_8,C2,Clustered / type 2,C2_10_8.TXT,b898941512d74f556cca9acc0392489b8f39ba8746720335a8d875655dddcb61,1001,1000,250,700,19150.0,28,19.15,8.37720120326592,10.0,50.0,640.0,0.0,640.0,640.0,90.0,0.0,3914.0,250.0,250.0,170.20780521831048,311.62316987027776,4.63993252667385,0.5245182237983669,0,1001,1001,0.0,0.0,3000,0.0,0,0,True
C2_10_9,C2,Clustered / type 2,C2_10_9.TXT,960210c42bce1af267c46110e1bd611acc630c2773cc1618f19389b552ec88b0,1001,1000,250,700,19150.0,28,19.15,8.37720120326592,10.0,50.0,856.658,384.68336204728166,11.0,2238.0,90.0,0.0,3914.0,250.0,250.0,170.20780521831048,311.62316987027776,4.63993252667385,0.39794166340321646,0,1001,1001,0.0,0.0,3000,0.0,0,0,True
C2_10_10,C2,Clustered / type 2,C2_10_10.TXT,ab8a11873fe00fbb38d47d21f1e12e4da27cda32fc234455e539e331d1c158ee,1001,1000,250,700,19150.0,28,19.15,8.37720120326592,10.0,50.0,880.0,0.0,880.0,880.0,90.0,0.0,3914.0,250.0,250.0,170.20780521831048,311.62316987027776,4.63993252667385,0.5245182237983669,0,1001,1001,0.0,0.0,3000,0.0,0,0,True
R1_10_1,R1,Random / type 1,R1_10_1.TXT,4fdd2a2f4d369724ba3d7f038a4a709ebd095b48fc7a5ba6829a191d10b6a8fa,1001,1000,250,200,18118.0,91,18.118,8.522680094899727,1.0,46.0,10.0,0.0,10.0,10.0,10.0,0.0,1925.0,250.0,250.0,192.38834084298418,343.6538956566621,7.829316949290059,0.550140563005902,0,1001,1001,0.0,0.0,3000,0.0,0,0,True
R1_10_2,R1,Random / type 1,R1_10_2.TXT,fa9a6a0633d3b398ce56f87065239ed8e0e7df363ee9dfdb688bc33e9174eb6a,1001,1000,250,200,18118.0,91,18.118,8.522680094899727,1.0,46.0,436.876,740.1329682050382,10.0,1884.0,10.0,0.0,1925.0,250.0,250.0,192.38834084298418,343.6538956566621,7.829316949290059,0.47421100057260424,0,1001,1001,0.0,0.0,3000,0.0,0,0,True
R1_10_3,R1,Random / type 1,R1_10_3.TXT,152679b6f2f18ecad225d05281c6fc12bff0535aff84911e7ff934f7faff3dd1,1001,1000,250,200,18118.0,91,18.118,8.522680094899727,1.0,46.0,865.944,857.3313915073915,10.0,1903.0,10.0,0.0,1925.0,250.0,250.0,192.38834084298418,343.6538956566621,7.829316949290059,0.39941966143872476,0,1001,1001,0.0,0.0,3000,0.0,0,0,True
R1_10_4,R1,Random / type 1,R1_10_4.TXT,5e64492bdba6a27cab2edc9574e5408f1f2ae208ac811d70fee75691ef4f8480,1001,1000,250,200,18118.0,91,18.118,8.522680094899727,1.0,46.0,1294.095,743.8611752034112,10.0,1904.0,10.0,0.0,1925.0,250.0,250.0,192.38834084298418,343.6538956566621,7.829316949290059,0.32414707479752475,0,1001,1001,0.0,0.0,3000,0.0,0,0,True
R1_10_5,R1,Random / type 1,R1_10_5.TXT,38af87e75b1feaa5e02c145ca7d378ed570f1cfe27506bbe34fa06cf6974321b,1001,1000,250,200,18118.0,91,18.118,8.522680094899727,1.0,46.0,30.0,0.0,30.0,30.0,10.0,0.0,1925.0,250.0,250.0,192.38834084298418,343.6538956566621,7.829316949290059,0.550140563005902,0,1001,1001,0.0,0.0,3000,0.0,0,0,True
R1_10_6,R1,Random / type 1,R1_10_6.TXT,17c63722688374b141e4c8740ca9b1fad0d1f2586ddb269dc4a15f6b88eae067,1001,1000,250,200,18118.0,91,18.118,8.522680094899727,1.0,46.0,451.876,731.4817363571015,30.0,1884.0,10.0,0.0,1925.0,250.0,250.0,192.38834084298418,343.6538956566621,7.829316949290059,0.47429086865135334,0,1001,1001,0.0,0.0,3000,0.0,0,0,True
R1_10_7,R1,Random / type 1,R1_10_7.TXT,f163fdf95b18501afbd1c8ce76c944dd051ca2310f648f1f99f1000c474d1997,1001,1000,250,200,18118.0,91,18.118,8.522680094899727,1.0,46.0,875.944,847.347765007969,30.0,1903.0,10.0,0.0,1925.0,250.0,250.0,192.38834084298418,343.6538956566621,7.829316949290059,0.39958993122088693,0,1001,1001,0.0,0.0,3000,0.0,0,0,True
R1_10_8,R1,Random / type 1,R1_10_8.TXT,911721bcef6e0954fbb94393ebe7730f3c6454379d7fbfa78fd65277c222ec78,1001,1000,250,200,18118.0,91,18.118,8.522680094899727,1.0,46.0,1299.095,735.2302346714259,30.0,1904.0,10.0,0.0,1925.0,250.0,250.0,192.38834084298418,343.6538956566621,7.829316949290059,0.32440328089988996,0,1001,1001,0.0,0.0,3000,0.0,0,0,True
R1_10_9,R1,Random / type 1,R1_10_9.TXT,c09a2a8112138bf7af1956f5d2d29438402d3dc68fe5c6bf31881e3f67ceb48a,1001,1000,250,200,18118.0,91,18.118,8.522680094899727,1.0,46.0,59.591,20.376793638843182,6.0,132.0,10.0,0.0,1925.0,250.0,250.0,192.38834084298418,343.6538956566621,7.829316949290059,0.4083654307307708,0,1001,1001,0.0,0.0,3000,0.0,0,0,True
R1_10_10,R1,Random / type 1,R1_10_10.TXT,ef9ad8300be1bce235ae7417b41ef89dfe40a439a1ff64449e3b446be08d5773,1001,1000,250,200,18118.0,91,18.118,8.522680094899727,1.0,46.0,121.26,30.25558460846526,9.0,215.0,10.0,0.0,1925.0,250.0,250.0,192.38834084298418,343.6538956566621,7.829316949290059,0.3684900775690096,0,1001,1001,0.0,0.0,3000,0.0,0,0,True
R2_10_1,R2,Random / type 2,R2_10_1.TXT,5da1c7b570f131d05a516aa3cd59909e37df52bbd24a9d751db9fa88c32ceae7,1001,1000,250,1000,18118.0,19,18.118,8.522680094899727,1.0,46.0,120.292,38.977721021116665,6.0,237.0,10.0,0.0,7697.0,250.0,250.0,192.38834084298415,343.6538956566621,7.829316949290059,0.36105970874904836,0,1001,1001,0.0,0.0,3000,0.0,0,0,True
R2_10_2,R2,Random / type 2,R2_10_2.TXT,77ea5365bf3256b4e94b7219887ab666bb7cc5d78e5a078e028106e9589d29b1,1001,1000,250,1000,18118.0,19,18.118,8.522680094899727,1.0,46.0,1964.775,3193.2981054663533,6.0,7664.0,10.0,0.0,7697.0,250.0,250.0,192.38834084298415,343.6538956566621,7.829316949290059,0.44072271778957056,0,1001,1001,0.0,0.0,3000,0.0,0,0,True
R2_10_3,R2,Random / type 2,R2_10_3.TXT,c14854ecaf571a4214ed2e17b963bd21fd9f2e39d35d35f3b42975821adb0fa7,1001,1000,250,1000,18118.0,19,18.118,8.522680094899727,1.0,46.0,3807.154,3685.182890479657,6.0,7675.0,10.0,0.0,7697.0,250.0,250.0,192.38834084298415,343.6538956566621,7.829316949290059,0.3607659479756937,0,1001,1001,0.0,0.0,3000,0.0,0,0,True
R2_10_4,R2,Random / type 2,R2_10_4.TXT,3d0d421465fbf307f680f12de5b5789e0737ec29f784dc9e8ea7dd3af8b777e0,1001,1000,250,1000,18118.0,19,18.118,8.522680094899727,1.0,46.0,5650.283,3191.7438636129627,15.0,7676.0,10.0,0.0,7697.0,250.0,250.0,192.38834084298415,343.6538956566621,7.829316949290059,0.2807896953210915,0,1001,1001,0.0,0.0,3000,0.0,0,0,True
R2_10_5,R2,Random / type 2,R2_10_5.TXT,70cd5ee729fc7c0e4934aac9db7d26ea97c98367a128d4d347db2f6625c9e5d5,1001,1000,250,1000,18118.0,19,18.118,8.522680094899727,1.0,46.0,240.0,0.0,240.0,240.0,10.0,0.0,7697.0,250.0,250.0,192.38834084298415,343.6538956566621,7.829316949290059,0.5259832296725685,0,1001,1001,0.0,0.0,3000,0.0,0,0,True
R2_10_6,R2,Random / type 2,R2_10_6.TXT,e601f98d1e2f3134e2c043f5b92ba605fd02dc36f405f161abd7ac822eede417,1001,1000,250,1000,18118.0,19,18.118,8.522680094899727,1.0,46.0,2053.781,3141.7351398612523,240.0,7664.0,10.0,0.0,7697.0,250.0,250.0,192.38834084298415,343.6538956566621,7.829316949290059,0.4445455051754422,0,1001,1001,0.0,0.0,3000,0.0,0,0,True
R2_10_7,R2,Random / type 2,R2_10_7.TXT,2676e341b6d7d92f5c63de5af1105eb5a35dc12a7b9a069563883481f4b2b78f,1001,1000,250,1000,18118.0,19,18.118,8.522680094899727,1.0,46.0,3865.958,3626.2813250265076,240.0,7675.0,10.0,0.0,7697.0,250.0,250.0,192.38834084298415,343.6538956566621,7.829316949290059,0.36342066522513533,0,1001,1001,0.0,0.0,3000,0.0,0,0,True
R2_10_8,R2,Random / type 2,R2_10_8.TXT,557c1da255451d54a0c0d6e2934b2fadcf899169410737cedee4b0647e87129b,1001,1000,250,1000,18118.0,19,18.118,8.522680094899727,1.0,46.0,5679.509,3141.0720265410982,240.0,7676.0,10.0,0.0,7697.0,250.0,250.0,192.38834084298415,343.6538956566621,7.829316949290059,0.28214653431664255,0,1001,1001,0.0,0.0,3000,0.0,0,0,True
R2_10_9,R2,Random / type 2,R2_10_9.TXT,6f5a2179e2e0b607767991d65f82553552031a522622af7de5071b301bed6562,1001,1000,250,1000,18118.0,19,18.118,8.522680094899727,1.0,46.0,374.173,170.23603928369576,10.0,1014.0,10.0,0.0,7697.0,250.0,250.0,192.38834084298415,343.6538956566621,7.829316949290059,0.40507585915464045,0,1001,1001,0.0,0.0,3000,0.0,0,0,True
R2_10_10,R2,Random / type 2,R2_10_10.TXT,00ed9703a3bf19d0a9f34db0eb00ca7e9cc9a79d26a119a2148bfdbb5bf7c36b,1001,1000,250,1000,18118.0,19,18.118,8.522680094899727,1.0,46.0,480.888,61.66243147979165,265.0,688.0,10.0,0.0,7697.0,250.0,250.0,192.38834084298415,343.6538956566621,7.829316949290059,0.35585872218635944,0,1001,1001,0.0,0.0,3000,0.0,0,0,True
RC1_10_1,RC1,Mixed / type 1,RC1_10_1.TXT,2595ef62630050a5bc331ec25a63ebf4ec03b843bdb3dd479459007d43245cfe,1001,1000,250,200,17822.0,90,17.822,8.074547417657538,1.0,44.0,30.0,0.0,30.0,30.0,10.0,0.0,1821.0,250.0,250.0,197.7606027883456,345.79329085452196,6.357136235698835,0.5536713685908908,0,1001,1001,0.0,0.0,3000,0.0,0,0,True
RC1_10_2,RC1,Mixed / type 1,RC1_10_2.TXT,d4ebff2265fc9008dc19602dde17b854379b1443c7d4c3c9811a4e4816051333,1001,1000,250,200,17822.0,90,17.822,8.074547417657538,1.0,44.0,426.199,687.2901580839056,30.0,1803.0,10.0,0.0,1821.0,250.0,250.0,197.7606027883456,345.79329085452196,6.357136235698835,0.47918387094095666,0,1001,1001,0.0,0.0,3000,0.0,0,0,True
RC1_10_3,RC1,Mixed / type 1,RC1_10_3.TXT,9f1ef38f15d2dad858b1beb58e3040b1179a53f3fe389ac5e47172123f06723f,1001,1000,250,200,17822.0,90,17.822,8.074547417657538,1.0,44.0,821.202,793.0084597253675,30.0,1806.0,10.0,0.0,1821.0,250.0,250.0,197.7606027883456,345.79329085452196,6.357136235698835,0.405172494717017,0,1001,1001,0.0,0.0,3000,0.0,0,0,True
RC1_10_4,RC1,Mixed / type 1,RC1_10_4.TXT,ed6940c6a0c5c1e1631c39017ae79ac1937892c35ef7ca74d4e8c1313c40a767,1001,1000,250,200,17822.0,90,17.822,8.074547417657538,1.0,44.0,1216.957,688.424736010408,30.0,1806.0,10.0,0.0,1821.0,250.0,250.0,197.7606027883456,345.79329085452196,6.357136235698835,0.3308941538761762,0,1001,1001,0.0,0.0,3000,0.0,0,0,True
RC1_10_5,RC1,Mixed / type 1,RC1_10_5.TXT,388ae5c95539e610512c0944a658cbae47ebdc4173b0979ec4e365cb2b4c37fa,1001,1000,250,200,17822.0,90,17.822,8.074547417657538,1.0,44.0,61.537,27.24009234565845,5.0,154.0,10.0,0.0,1821.0,250.0,250.0,197.7606027883456,345.79329085452196,6.357136235698835,0.42719038425084693,0,1001,1001,0.0,0.0,3000,0.0,0,0,True
RC1_10_6,RC1,Mixed / type 1,RC1_10_6.TXT,a0961b735555e98bf9f529c12d0bc2717f17208e01cbe5b7bc22a593266a1b71,1001,1000,250,200,17822.0,90,17.822,8.074547417657538,1.0,44.0,60.0,0.0,60.0,60.0,10.0,0.0,1821.0,250.0,250.0,197.7606027883456,345.79329085452196,6.357136235698835,0.5536713685908908,0,1001,1001,0.0,0.0,3000,0.0,0,0,True
RC1_10_7,RC1,Mixed / type 1,RC1_10_7.TXT,637d9b2a639991a26702f387d81bf2258c562a64977a12761fc56f7ff759be04,1001,1000,250,200,17822.0,90,17.822,8.074547417657538,1.0,44.0,90.143,29.26244266974307,7.0,175.0,10.0,0.0,1821.0,250.0,250.0,197.7606027883456,345.79329085452196,6.357136235698835,0.38870509874962195,0,1001,1001,0.0,0.0,3000,0.0,0,0,True
RC1_10_8,RC1,Mixed / type 1,RC1_10_8.TXT,9cf21237d1a24c743ca2f23763722ed392880b58ac7f95036720f0a0e9bc14c3,1001,1000,250,200,17822.0,90,17.822,8.074547417657538,1.0,44.0,120.023,28.743390040146625,20.0,220.0,10.0,0.0,1821.0,250.0,250.0,197.7606027883456,345.79329085452196,6.357136235698835,0.3869663685908917,0,1001,1001,0.0,0.0,3000,0.0,0,0,True
RC1_10_9,RC1,Mixed / type 1,RC1_10_9.TXT,ae120dafd27affc04f085162c3f425d7ebd647e07531642d094450257b2aa3c6,1001,1000,250,200,17822.0,90,17.822,8.074547417657538,1.0,44.0,120.0,0.0,120.0,120.0,10.0,0.0,1821.0,250.0,250.0,197.7606027883456,345.79329085452196,6.357136235698835,0.5536713685908908,0,1001,1001,0.0,0.0,3000,0.0,0,0,True
RC1_10_10,RC1,Mixed / type 1,RC1_10_10.TXT,da633bc86e8fa73ccf191fb009e5c0e7c42f42f60fcb4687ed94d7505790cf33,1001,1000,250,200,17822.0,90,17.822,8.074547417657538,1.0,44.0,150.0,0.0,150.0,150.0,10.0,0.0,1821.0,250.0,250.0,197.7606027883456,345.79329085452196,6.357136235698835,0.5536713685908908,0,1001,1001,0.0,0.0,3000,0.0,0,0,True
RC2_10_1,RC2,Mixed / type 2,RC2_10_1.TXT,a2f226b174967844e071e817a4f2ad6f8fa49d912d2ec221175da6cf335576e2,1001,1000,250,1000,17822.0,18,17.822,8.074547417657538,1.0,44.0,120.0,0.0,120.0,120.0,10.0,0.0,7284.0,250.0,250.0,197.7606027883456,345.79329085452196,6.357136235698835,0.5299087019242242,0,1001,1001,0.0,0.0,3000,0.0,0,0,True
RC2_10_2,RC2,Mixed / type 2,RC2_10_2.TXT,8c4114b67e4b2bd3c254f550fa70896ee443c5446f50420f2f403f919a3b8a09,1001,1000,250,1000,17822.0,18,17.822,8.074547417657538,1.0,44.0,1859.748,3013.565887863745,120.0,7266.0,10.0,0.0,7284.0,250.0,250.0,197.7606027883456,345.79329085452196,6.357136235698835,0.44875616903869375,0,1001,1001,0.0,0.0,3000,0.0,0,0,True
RC2_10_3,RC2,Mixed / type 2,RC2_10_3.TXT,fdeafb1b29d1e74fa494b8fdbf1ff259cbe80120f176bcf048366af2b73ea439,1001,1000,250,1000,17822.0,18,17.822,8.074547417657538,1.0,44.0,3599.692,3480.121276498278,120.0,7272.0,10.0,0.0,7284.0,250.0,250.0,197.7606027883456,345.79329085452196,6.357136235698835,0.3677306631471921,0,1001,1001,0.0,0.0,3000,0.0,0,0,True
RC2_10_4,RC2,Mixed / type 2,RC2_10_4.TXT,8410f80f2a43a7effdc701b57bf6b3864d922958737717083e997dad5f3085ba,1001,1000,250,1000,17822.0,18,17.822,8.074547417657538,1.0,44.0,5340.014,3014.508756962567,120.0,7272.0,10.0,0.0,7284.0,250.0,250.0,197.7606027883456,345.79329085452196,6.357136235698835,0.2866194588220616,0,1001,1001,0.0,0.0,3000,0.0,0,0,True
RC2_10_5,RC2,Mixed / type 2,RC2_10_5.TXT,c53f7d1b8b7da3e521a15513a7d40e9a69ad26258b4b68af2965eddc323d1a72,1001,1000,250,1000,17822.0,18,17.822,8.074547417657538,1.0,44.0,277.397,153.9878611806788,5.0,771.0,10.0,0.0,7284.0,250.0,250.0,197.7606027883456,345.79329085452196,6.357136235698835,0.4113721483994201,0,1001,1001,0.0,0.0,3000,0.0,0,0,True
RC2_10_6,RC2,Mixed / type 2,RC2_10_6.TXT,c82508b391f3639abc62ae42d815528aacae56417e194db792ea9922fe3b5b6e,1001,1000,250,1000,17822.0,18,17.822,8.074547417657538,1.0,44.0,240.0,0.0,240.0,240.0,10.0,0.0,7284.0,250.0,250.0,197.7606027883456,345.79329085452196,6.357136235698835,0.5299087019242242,0,1001,1001,0.0,0.0,3000,0.0,0,0,True
RC2_10_7,RC2,Mixed / type 2,RC2_10_7.TXT,c25d224ae70b9ae3d4d97418cf7ddeead0ed447bad6dd97204d68d163ac0dac9,1001,1000,250,1000,17822.0,18,17.822,8.074547417657538,1.0,44.0,367.802,171.58275203527887,5.0,995.0,10.0,0.0,7284.0,250.0,250.0,197.7606027883456,345.79329085452196,6.357136235698835,0.4077531463686687,0,1001,1001,0.0,0.0,3000,0.0,0,0,True
RC2_10_8,RC2,Mixed / type 2,RC2_10_8.TXT,1ef5327f6f0d2950045638bd9fb252603a7aa28c39458444c4b9ee6077a48ed3,1001,1000,250,1000,17822.0,18,17.822,8.074547417657538,1.0,44.0,466.516,180.97001338343324,6.0,1032.0,10.0,0.0,7284.0,250.0,250.0,197.7606027883456,345.79329085452196,6.357136235698835,0.3802933672913458,0,1001,1001,0.0,0.0,3000,0.0,0,0,True
RC2_10_9,RC2,Mixed / type 2,RC2_10_9.TXT,6276a2c9745d29e15288a1cbed3d65a1f1f72ca327e6f875e9fef2018ec94f1c,1001,1000,250,1000,17822.0,18,17.822,8.074547417657538,1.0,44.0,480.0,0.0,480.0,480.0,10.0,0.0,7284.0,250.0,250.0,197.7606027883456,345.79329085452196,6.357136235698835,0.5299087019242242,0,1001,1001,0.0,0.0,3000,0.0,0,0,True
RC2_10_10,RC2,Mixed / type 2,RC2_10_10.TXT,25f022e60b4f5bf797c94a173fbe0908a689e4626b4710f001a19b1eda30abe0,1001,1000,250,1000,17822.0,18,17.822,8.074547417657538,1.0,44.0,600.0,0.0,600.0,600.0,10.0,0.0,7284.0,250.0,250.0,197.7606027883456,345.79329085452196,6.357136235698835,0.5299087019242242,0,1001,1001,0.0,0.0,3000,0.0,0,0,True
